news_id,sentiment_model,sentiment_label,p_pos,p_neu,p_neg
f189d252-fbab-4511-b40d-aa13a5ced553,ProsusAI/finbert,neu,0.08738720417022705,0.8842927813529968,0.028320036828517914
1b608b61-9b10-474a-b406-55e30ef465bd,ProsusAI/finbert,neg,0.18639113008975983,0.32144278287887573,0.49216610193252563
a745f9c0-5a1c-4c8d-9019-e2dcf9edaf19,ProsusAI/finbert,neg,0.01868523843586445,0.02883273735642433,0.9524819850921631
a08ea519-017a-4139-87d2-1bc0690f56d1,ProsusAI/finbert,neg,0.00875425897538662,0.0956774428486824,0.8955683708190918
f3af10ff-790c-49ee-9de2-6b56b95b1e68,pysentimiento/robertuito-sentiment-analysis,neu,0.41108182072639465,0.5259398221969604,0.0629783496260643
66bc7eb1-110c-481e-b03d-3f1ee784ffb5,pysentimiento/robertuito-sentiment-analysis,neg,0.07077451050281525,0.4534768760204315,0.47574862837791443
2ec5ebea-0319-4383-b920-fcbd7db05a94,pysentimiento/robertuito-sentiment-analysis,neu,0.2469833940267563,0.665095865726471,0.08792071789503098
aeec7c93-1600-4788-b736-62c1d06ff0ca,pysentimiento/robertuito-sentiment-analysis,neu,0.03826966881752014,0.7976689338684082,0.16406142711639404
cb0c7b07-ec2c-41f4-8473-146ef33becb3,pysentimiento/robertuito-sentiment-analysis,neu,0.27968984842300415,0.6704679727554321,0.04984219744801521
14148fe4-ed90-40df-991f-fcb13d1d6787,pysentimiento/robertuito-sentiment-analysis,neu,0.20230324566364288,0.734096884727478,0.06359989196062088
eb5ef5d8-b8d2-4ebe-854a-2727a31a78a4,pysentimiento/robertuito-sentiment-analysis,neu,0.4693654179573059,0.5183592438697815,0.012275291606783867
82f5dd13-86ef-4755-bea0-e39ae8e266c9,pysentimiento/robertuito-sentiment-analysis,pos,0.7116315960884094,0.26041480898857117,0.027953630313277245
dc21461e-c64d-4abc-a581-13f17548854b,pysentimiento/robertuito-sentiment-analysis,neg,0.013463540002703667,0.068980872631073,0.917555570602417
1143f63b-f8bd-4d96-ab99-b2279d4e56eb,pysentimiento/robertuito-sentiment-analysis,neu,0.17991890013217926,0.692362904548645,0.12771813571453094
7d842433-603c-4e12-bdf4-afea250e6309,pysentimiento/robertuito-sentiment-analysis,neu,0.09973534196615219,0.7056092619895935,0.1946553885936737
17637b91-d000-492b-8b5b-abe2bc8396e6,pysentimiento/robertuito-sentiment-analysis,neu,0.07365509122610092,0.8184747099876404,0.1078702062368393
2c567274-c1a9-4cd9-91b0-29c833773a2f,pysentimiento/robertuito-sentiment-analysis,neu,0.25276803970336914,0.7142298817634583,0.03300204128026962
e340a80b-dca7-4fd7-b83f-77ceb2335ba7,pysentimiento/robertuito-sentiment-analysis,neu,0.13227435946464539,0.828020453453064,0.03970517963171005
20a9de06-e9a6-4a78-b502-061ba1c8ba29,pysentimiento/robertuito-sentiment-analysis,pos,0.8971483707427979,0.09313679486513138,0.009714826941490173
8248f150-a38c-40ce-bf5b-833acd9f4dc4,pysentimiento/robertuito-sentiment-analysis,neu,0.35944288969039917,0.5996233224868774,0.040933795273303986
9fa114c2-46c1-45c8-b5fe-467ae4098585,pysentimiento/robertuito-sentiment-analysis,pos,0.5540184378623962,0.3872981071472168,0.058683495968580246
7d3f102f-c0f2-435b-8e9d-4970b5f5165f,pysentimiento/robertuito-sentiment-analysis,neu,0.11564605683088303,0.842283308506012,0.0420706681907177
b45c3d04-d0c1-4b00-a6b6-323ebf750bdc,pysentimiento/robertuito-sentiment-analysis,neu,0.09838226437568665,0.49873629212379456,0.4028814136981964
594c38bd-0ebf-45f9-b632-2fb2a95e20ea,pysentimiento/robertuito-sentiment-analysis,neu,0.16026315093040466,0.6901888847351074,0.14954793453216553
2307bd4f-3dc0-48ac-b5e5-d6743561f138,pysentimiento/robertuito-sentiment-analysis,neu,0.021242942661046982,0.6533793807029724,0.3253776729106903
86f3e069-7009-493c-aa2d-55b3907e6451,pysentimiento/robertuito-sentiment-analysis,neg,0.03514128550887108,0.3419959843158722,0.622862696647644
9a356ee3-c368-4707-ab08-28e958781d37,pysentimiento/robertuito-sentiment-analysis,neu,0.19639810919761658,0.7580134868621826,0.04558837413787842
5f54dbfc-da48-4c9f-b0b7-e2f0b525e9a5,pysentimiento/robertuito-sentiment-analysis,neg,0.019292647019028664,0.2586491107940674,0.7220582365989685
25c5fc0f-f40d-4aff-aa86-9fe07ab6baed,pysentimiento/robertuito-sentiment-analysis,neu,0.2037075012922287,0.6963507533073425,0.09994172304868698
3762a56e-5d36-4eda-8555-4e28fb97c1f8,pysentimiento/robertuito-sentiment-analysis,pos,0.689932644367218,0.28928571939468384,0.02078165113925934
294d51fd-acad-4cf1-8400-1724b61818a5,pysentimiento/robertuito-sentiment-analysis,neg,0.0142435934394598,0.20562124252319336,0.7801352143287659
90dcf162-fef3-49c3-890a-ee408d1ef159,pysentimiento/robertuito-sentiment-analysis,neu,0.347209095954895,0.6233189105987549,0.0294719859957695
004b86cd-8f24-44eb-aa16-4ec524382d56,pysentimiento/robertuito-sentiment-analysis,pos,0.7247804403305054,0.26172903180122375,0.013490542769432068
393be6ce-6877-4c48-b487-3620ce351fdb,pysentimiento/robertuito-sentiment-analysis,neu,0.09193048626184464,0.8100299835205078,0.09803953021764755
6ac60401-ea55-44da-81a7-f89e3e098259,pysentimiento/robertuito-sentiment-analysis,neu,0.09548326581716537,0.7952668070793152,0.10924991965293884
195f296d-38d3-4344-b237-6d779ac043d2,pysentimiento/robertuito-sentiment-analysis,neu,0.04936928674578667,0.7784453630447388,0.17218531668186188
3178b4a3-8025-4253-9503-4674753f8a4e,pysentimiento/robertuito-sentiment-analysis,neu,0.07118912786245346,0.8467726111412048,0.08203820884227753
7b809b16-27b9-485b-b4c3-12ed5c411664,pysentimiento/robertuito-sentiment-analysis,neu,0.07203062623739243,0.5655809044837952,0.3623884618282318
a14c6f2f-7695-41f1-8fbf-384b701952e1,pysentimiento/robertuito-sentiment-analysis,neg,0.015513419173657894,0.4216986298561096,0.5627879500389099
0a51b455-bd29-40e1-88f0-cf22d8783112,pysentimiento/robertuito-sentiment-analysis,neu,0.4083176255226135,0.5254560112953186,0.06622634083032608
a478e844-be9e-4065-bb1d-8ab61e26c98b,pysentimiento/robertuito-sentiment-analysis,neu,0.33030158281326294,0.6302902698516846,0.039408136159181595
f7f0a881-6ad4-4810-aeb6-33a783c96f9f,pysentimiento/robertuito-sentiment-analysis,pos,0.4598223865032196,0.4547443091869354,0.08543337136507034
663ab96d-9a9c-481b-87b7-cfb6cf0aadca,pysentimiento/robertuito-sentiment-analysis,neu,0.0927528589963913,0.8522621393203735,0.05498500540852547
83e0254d-56a4-486a-8fe1-4844e2e31f9b,pysentimiento/robertuito-sentiment-analysis,neu,0.05751517787575722,0.5890046954154968,0.35348016023635864
f09f8c6e-8eed-4526-a902-3fe8e0923b80,pysentimiento/robertuito-sentiment-analysis,pos,0.5667805075645447,0.40194323658943176,0.031276214867830276
5f4b9160-039d-4042-924e-938b0fab9c94,pysentimiento/robertuito-sentiment-analysis,neu,0.18572749197483063,0.7529560327529907,0.06131646782159805
82f2da83-d986-42bb-bccf-34489b387f26,pysentimiento/robertuito-sentiment-analysis,neu,0.35016682744026184,0.6071653962135315,0.04266776144504547
e4c58c4e-e4ef-484c-bf1e-1463a7d131c5,pysentimiento/robertuito-sentiment-analysis,neu,0.09957507252693176,0.7058631181716919,0.19456177949905396
bf3de73d-c797-476b-a807-f8cf61c4e5ff,pysentimiento/robertuito-sentiment-analysis,neg,0.011249136179685593,0.3602464497089386,0.6285044550895691
e9b44580-319b-4fa3-bb5b-5e2d6ed9a755,pysentimiento/robertuito-sentiment-analysis,neg,0.009062465280294418,0.24256682395935059,0.7483707070350647
d934073c-cbc0-4d1b-bb44-97172fbd5b47,pysentimiento/robertuito-sentiment-analysis,neu,0.1540621966123581,0.4482126533985138,0.3977252244949341
1a953474-1b40-4214-a7af-5be5fc24139b,pysentimiento/robertuito-sentiment-analysis,neg,0.02543867938220501,0.2790328860282898,0.6955284476280212
bb651eaf-90d4-4aba-8e36-023a55ac7d29,pysentimiento/robertuito-sentiment-analysis,neu,0.1691492795944214,0.7591496109962463,0.07170114666223526
8ae1a202-3626-4e58-966d-b64e71840ebe,pysentimiento/robertuito-sentiment-analysis,neu,0.2893848717212677,0.6530463695526123,0.05756876617670059
8af38872-48b5-4742-9e46-3aa9ace103b0,pysentimiento/robertuito-sentiment-analysis,neu,0.08512883633375168,0.8026615381240845,0.11220952868461609
a67d38f2-eb8f-409f-a2d5-c2e754ee751e,pysentimiento/robertuito-sentiment-analysis,neu,0.3249516785144806,0.5830122232437134,0.09203606098890305
4c4fe2c6-b277-498f-adda-d943f2f2d0e9,pysentimiento/robertuito-sentiment-analysis,pos,0.742446780204773,0.2320539653301239,0.025499261915683746
2b2863b9-3ecd-4d79-8c62-b144d8572e7c,pysentimiento/robertuito-sentiment-analysis,neu,0.19998477399349213,0.6414756774902344,0.15853950381278992
4df3b395-7a4c-458c-a353-7060b001dc0d,pysentimiento/robertuito-sentiment-analysis,neg,0.004222015384584665,0.07450949400663376,0.9212684631347656
782e3069-3de3-45bd-8d07-9d733f152176,pysentimiento/robertuito-sentiment-analysis,pos,0.5908810496330261,0.37087342143058777,0.038245514035224915
415a6660-6b54-4bd3-b600-9eba11cdae67,pysentimiento/robertuito-sentiment-analysis,neg,0.028116054832935333,0.36152735352516174,0.6103565692901611
8b5f4077-2349-4b07-b431-950c31ada353,pysentimiento/robertuito-sentiment-analysis,neg,0.005278223659843206,0.06375935673713684,0.9309625029563904
03e42c6e-d28f-4724-addb-1554ef03e5ab,pysentimiento/robertuito-sentiment-analysis,neg,0.008750943467020988,0.10064291208982468,0.890606164932251
8486afd1-14d5-41e0-aaa4-5578da20e264,pysentimiento/robertuito-sentiment-analysis,neg,0.04779241234064102,0.4684673249721527,0.4837401807308197
75b4dccd-5e07-47ed-9a2b-2eef7d5831fb,pysentimiento/robertuito-sentiment-analysis,neg,0.015156371518969536,0.2549392580986023,0.7299044132232666
684740b2-6207-44a8-8577-9b80838de34f,pysentimiento/robertuito-sentiment-analysis,neu,0.39737939834594727,0.5466646552085876,0.055955931544303894
96b937a3-d949-404d-89cc-5b3564affd0e,pysentimiento/robertuito-sentiment-analysis,pos,0.5397828221321106,0.43663278222084045,0.02358444593846798
733731c1-b87f-4260-8f86-bf431b68b116,pysentimiento/robertuito-sentiment-analysis,neu,0.23330289125442505,0.711934506893158,0.05476263910531998
e18bd49b-d83a-4662-a650-1a01f483a64b,pysentimiento/robertuito-sentiment-analysis,neg,0.0354682095348835,0.36045190691947937,0.6040799617767334
f0250bbd-0360-40bc-97c5-4445e2a99d33,pysentimiento/robertuito-sentiment-analysis,pos,0.8144667148590088,0.17844554781913757,0.007087744772434235
92017752-74cb-4494-a70f-86f9ccf04f33,pysentimiento/robertuito-sentiment-analysis,pos,0.7623906135559082,0.22576181590557098,0.011847620829939842
20f8c900-9358-444b-8722-01999f56f190,pysentimiento/robertuito-sentiment-analysis,pos,0.7328890562057495,0.2603743076324463,0.006736626848578453
0a79c8f1-be1f-42e5-965f-e0512d29270e,pysentimiento/robertuito-sentiment-analysis,pos,0.8095099329948425,0.18271404504776,0.007776024751365185
fadb7843-055c-4d64-8615-e04c1ba379f6,pysentimiento/robertuito-sentiment-analysis,pos,0.8241996765136719,0.16954390704631805,0.006256429944187403
419cace2-c7d5-4937-9af7-a01436d9c94c,pysentimiento/robertuito-sentiment-analysis,neu,0.11462904512882233,0.8218317031860352,0.06353917717933655
fc21bbd3-e603-4f60-b2a2-4d0246cd4892,pysentimiento/robertuito-sentiment-analysis,neu,0.08608393371105194,0.8861514925956726,0.027764547616243362
08c0f17a-70c7-4db4-ad99-8367b1bf091f,pysentimiento/robertuito-sentiment-analysis,neu,0.08560391515493393,0.5372375249862671,0.37715864181518555
39995e7d-bf29-4bf7-84d2-78e2a183dc9d,pysentimiento/robertuito-sentiment-analysis,neu,0.10173939168453217,0.7786961793899536,0.1195644810795784
90fc2a4e-0252-4ef1-972f-265950ebc2c7,pysentimiento/robertuito-sentiment-analysis,neu,0.10005216300487518,0.6888992786407471,0.21104855835437775
4c260a06-73d3-45d5-a3dc-215c5893b31e,pysentimiento/robertuito-sentiment-analysis,neu,0.07837174832820892,0.8159361481666565,0.10569204390048981
1e3f3119-ab3e-4cf4-bd97-76f0cea31996,pysentimiento/robertuito-sentiment-analysis,neg,0.032831184566020966,0.4676109850406647,0.499557763338089
37b4269f-4715-408d-ba19-e055e5c1b850,pysentimiento/robertuito-sentiment-analysis,neg,0.007969371974468231,0.08002390712499619,0.9120067358016968
e648f2c1-a746-4761-b237-f04fbb46dacd,pysentimiento/robertuito-sentiment-analysis,neu,0.24657844007015228,0.6035246849060059,0.14989690482616425
8881ba09-a14a-46e3-9e21-3265dbe1eb8d,pysentimiento/robertuito-sentiment-analysis,neu,0.1070190817117691,0.7959078550338745,0.09707304835319519
dbca7674-0e22-4274-911d-880cfe40a701,pysentimiento/robertuito-sentiment-analysis,neu,0.4310939908027649,0.5040687322616577,0.06483728438615799
b259e06d-6b56-47f4-afcd-98499ea401ed,pysentimiento/robertuito-sentiment-analysis,neu,0.05408193916082382,0.70859694480896,0.2373211532831192
3d4bf3d7-0bcc-471f-ba31-908efea15ec0,pysentimiento/robertuito-sentiment-analysis,pos,0.7398698925971985,0.22205202281475067,0.03807809576392174
cc77e9fe-58c5-408f-a3fa-ceb62f33746d,pysentimiento/robertuito-sentiment-analysis,neu,0.1931062489748001,0.6255182027816772,0.18137559294700623
39154312-4eb0-4411-8c57-085b50e408d6,pysentimiento/robertuito-sentiment-analysis,neu,0.03098733350634575,0.5436505079269409,0.42536213994026184
331c0663-b950-4f94-af7e-a9295b266669,pysentimiento/robertuito-sentiment-analysis,neu,0.40520668029785156,0.5292864441871643,0.06550686806440353
cd605f9d-c3a6-4a35-8dd5-4ec17a46f152,pysentimiento/robertuito-sentiment-analysis,neu,0.3748258948326111,0.5631173849105835,0.062056735157966614
a4689237-b0cc-4eb5-8be3-7e42ced60ec6,pysentimiento/robertuito-sentiment-analysis,pos,0.47413697838783264,0.4494980275630951,0.07636500895023346
4893e045-f7b1-434a-8a0e-b64f61844972,pysentimiento/robertuito-sentiment-analysis,neu,0.15405547618865967,0.7773035168647766,0.0686410591006279
3b2adcc3-4d92-49d6-9822-ead602f21b5e,pysentimiento/robertuito-sentiment-analysis,neu,0.2391577512025833,0.6477553248405457,0.11308693885803223
d2e48636-6f42-49cc-b799-81fb70cf86fa,pysentimiento/robertuito-sentiment-analysis,neg,0.04161424562335014,0.40384557843208313,0.5545401573181152
b333a303-5104-4ebe-bb90-5d8b40ccebb7,pysentimiento/robertuito-sentiment-analysis,neu,0.06551835685968399,0.8442711234092712,0.09021052718162537
33f1a3b3-f7c1-4028-94df-7c85925cfa87,pysentimiento/robertuito-sentiment-analysis,neu,0.0642559602856636,0.7026537656784058,0.23309026658535004
6d894d0e-33a4-47ee-862c-a254d5c48001,pysentimiento/robertuito-sentiment-analysis,neg,0.037183258682489395,0.3775424361228943,0.585274338722229
95dac16a-f0d3-4d73-9ca9-f20f40b364b7,pysentimiento/robertuito-sentiment-analysis,neu,0.0754450187087059,0.542226254940033,0.38232865929603577
0bb198c5-3911-4ce1-aabb-668a52aa2532,pysentimiento/robertuito-sentiment-analysis,neu,0.07723119854927063,0.7024157047271729,0.22035308182239532
57d640bf-a08e-4478-a8f0-cc5e498cc7b1,pysentimiento/robertuito-sentiment-analysis,neg,0.003012391971424222,0.027672620490193367,0.9693149924278259
0bfe40ec-d906-4373-bf1e-c88ad9ea5f46,pysentimiento/robertuito-sentiment-analysis,neu,0.04575911536812782,0.5666244029998779,0.38761645555496216
77dc40f1-df21-46b3-b069-d909295404a3,pysentimiento/robertuito-sentiment-analysis,neu,0.08657529950141907,0.5673120021820068,0.34611275792121887
56883977-3721-4138-a4c4-4daf673e4408,pysentimiento/robertuito-sentiment-analysis,neg,0.029961999505758286,0.3968549072742462,0.5731831192970276
c3b3135c-d6b5-4f40-887e-876c80fc8a92,pysentimiento/robertuito-sentiment-analysis,pos,0.8311594724655151,0.15423676371574402,0.01460378896445036
3bb4e95a-e5de-48eb-a5f9-2751ad2bf5be,pysentimiento/robertuito-sentiment-analysis,neg,0.027838535606861115,0.24875210225582123,0.7234093546867371
5f5e96be-4a3c-4adb-8510-384d86ace4fc,pysentimiento/robertuito-sentiment-analysis,neu,0.19862927496433258,0.7465866208076477,0.054784078150987625
3721568b-4ecc-4fda-b286-a672dd95b535,pysentimiento/robertuito-sentiment-analysis,neu,0.10857558250427246,0.7235769629478455,0.1678474098443985
6f68ef43-a686-4923-928a-e6324c18ba10,pysentimiento/robertuito-sentiment-analysis,pos,0.640912652015686,0.3337990939617157,0.025288257747888565
a1560d69-fc83-499c-a310-f325f6523892,pysentimiento/robertuito-sentiment-analysis,neg,0.020624369382858276,0.2768867015838623,0.7024889588356018
d23c9a9f-14dd-46aa-8a97-f82bd8a071bf,pysentimiento/robertuito-sentiment-analysis,neg,0.020784439519047737,0.17849180102348328,0.8007237911224365
1606e5a6-7577-40a8-acc8-3228bea11f01,pysentimiento/robertuito-sentiment-analysis,neu,0.05507996678352356,0.7209510803222656,0.223968967795372
99635a09-9280-4bd1-b06e-e6df06157580,pysentimiento/robertuito-sentiment-analysis,neu,0.14071570336818695,0.827879786491394,0.03140444681048393
3017690a-917b-4797-a69e-9758a03ed4e3,pysentimiento/robertuito-sentiment-analysis,neu,0.06503386050462723,0.6856957077980042,0.2492704540491104
9ac7d1e8-55cb-47d2-9c38-40d978ff383b,pysentimiento/robertuito-sentiment-analysis,neg,0.026116760447621346,0.34461742639541626,0.6292658448219299
f099dd49-6619-4996-a133-628f797fc10a,pysentimiento/robertuito-sentiment-analysis,neu,0.08309315145015717,0.730864405632019,0.18604250252246857
c89dbd3e-0325-4516-89b6-806ae627b87c,pysentimiento/robertuito-sentiment-analysis,neu,0.07126642018556595,0.8398619890213013,0.0888715535402298
73b8ed0b-9d80-4dd7-bb53-1481f49f4d5e,pysentimiento/robertuito-sentiment-analysis,pos,0.5368555188179016,0.43030139803886414,0.032843057066202164
f0aec9e8-2404-48b7-90f3-0bffa7de6bdf,pysentimiento/robertuito-sentiment-analysis,pos,0.8615618348121643,0.13221755623817444,0.006220632698386908
fb547d46-5fee-494d-88fd-b87be2fadab5,pysentimiento/robertuito-sentiment-analysis,neg,0.0174331646412611,0.21149961650371552,0.7710672616958618
b7525a0c-283d-44ab-8ff3-1a2ffec4afcc,pysentimiento/robertuito-sentiment-analysis,neu,0.11144134402275085,0.7320393323898315,0.15651927888393402
0612b8cf-6dff-4dcb-84e7-7763efdcad7f,pysentimiento/robertuito-sentiment-analysis,neg,0.019685426726937294,0.20081506669521332,0.7794994711875916
f4198a29-d43c-46c0-bb2a-4db7c1415d8c,pysentimiento/robertuito-sentiment-analysis,neg,0.015109925530850887,0.15771816670894623,0.8271719217300415
82653050-24b4-45b5-b0a5-079bf54ff4a0,pysentimiento/robertuito-sentiment-analysis,neu,0.04754997417330742,0.7288882732391357,0.22356174886226654
faa61fe8-bd60-40c6-b081-d57996f91edb,pysentimiento/robertuito-sentiment-analysis,neu,0.08026842772960663,0.7268021106719971,0.19292941689491272
e2373430-73b3-430a-8f27-29c6eb912863,pysentimiento/robertuito-sentiment-analysis,pos,0.8498828411102295,0.14267991483211517,0.007437217514961958
f0641f05-b6a6-49c1-84bb-9896cfc2faa3,pysentimiento/robertuito-sentiment-analysis,pos,0.5787476301193237,0.39700397849082947,0.024248361587524414
7a697988-4f4e-498a-959a-f76ee81bf63e,pysentimiento/robertuito-sentiment-analysis,neu,0.12083970010280609,0.7452359199523926,0.13392440974712372
3dcb652a-1083-4a52-ab9c-633eba243b6d,pysentimiento/robertuito-sentiment-analysis,neu,0.13633470237255096,0.5163684487342834,0.34729689359664917
b7d8723f-ad72-4d67-8ee7-0199c7836505,pysentimiento/robertuito-sentiment-analysis,neu,0.013739240355789661,0.5204789042472839,0.4657818675041199
09efc430-cee0-4283-9530-85c5d3c3cb0f,pysentimiento/robertuito-sentiment-analysis,neg,0.012086818926036358,0.30831414461135864,0.6795990467071533
990f4660-31bd-4b05-a0b2-cb7558731408,pysentimiento/robertuito-sentiment-analysis,neg,0.02943892776966095,0.3468931317329407,0.6236680150032043
b37daea8-5eb9-488d-8716-6c5627764180,pysentimiento/robertuito-sentiment-analysis,neg,0.04928981140255928,0.29432666301727295,0.6563835740089417
2db2030c-7395-485f-8edd-ca84522b55e7,pysentimiento/robertuito-sentiment-analysis,neu,0.08049137145280838,0.7502832412719727,0.16922533512115479
d885bdcf-4aa7-47ed-88d6-88e3eda2763e,pysentimiento/robertuito-sentiment-analysis,neu,0.031300779432058334,0.6979221701622009,0.27077704668045044
cb766397-f183-4eae-a8c7-413e9c42e840,pysentimiento/robertuito-sentiment-analysis,neu,0.16055692732334137,0.7448409199714661,0.09460211545228958
9506405e-c91a-496f-ba87-41d014897e1a,pysentimiento/robertuito-sentiment-analysis,neu,0.1834370642900467,0.7965961694717407,0.019966764375567436
5395bec6-5dfc-4d52-9e58-efd57ffcf7a1,pysentimiento/robertuito-sentiment-analysis,neg,0.018921857699751854,0.21234215795993805,0.7687360048294067
d98212da-57a6-4027-aea9-9a3e5d8c2e94,pysentimiento/robertuito-sentiment-analysis,neu,0.11100798100233078,0.8200671672821045,0.06892485171556473
50803df9-4d24-4ba5-9b9c-3f26fd58f3a7,pysentimiento/robertuito-sentiment-analysis,neu,0.04889008402824402,0.8178891539573669,0.13322074711322784
fcf04c50-c7ff-49e2-a55b-aad74550115d,pysentimiento/robertuito-sentiment-analysis,neg,0.03148585930466652,0.4648042917251587,0.5037098526954651
e558cb3d-145f-4af0-a047-bbed499098f9,pysentimiento/robertuito-sentiment-analysis,neu,0.07762002944946289,0.8073569536209106,0.11502312123775482
27d85006-b210-4ade-a6f2-05626a641dfb,pysentimiento/robertuito-sentiment-analysis,neu,0.46385058760643005,0.48434141278266907,0.051807988435029984
6225226c-2974-4645-8e35-26d3bd164946,pysentimiento/robertuito-sentiment-analysis,neu,0.3653709590435028,0.5938999652862549,0.04072912782430649
5a78470d-f5ae-47a5-817c-f3289d10f47d,pysentimiento/robertuito-sentiment-analysis,neu,0.2050940990447998,0.6280929446220398,0.16681300103664398
391140cf-a63b-4450-a39d-74344d7176e7,pysentimiento/robertuito-sentiment-analysis,neu,0.26576709747314453,0.65669184923172,0.07754109054803848
f2c24d9a-1e5a-491d-b9f2-bccb57c429bd,pysentimiento/robertuito-sentiment-analysis,neu,0.1442825049161911,0.6312054991722107,0.2245120108127594
ea803b05-e10c-4830-983c-02f5fd59ae2a,pysentimiento/robertuito-sentiment-analysis,neu,0.05070056393742561,0.5523678064346313,0.3969316780567169
a59784f8-ae63-4784-9b6e-0b22a210a145,pysentimiento/robertuito-sentiment-analysis,neu,0.29304367303848267,0.652656078338623,0.05430026352405548
8d1d4793-dd33-4881-a6ae-340b82918bf4,pysentimiento/robertuito-sentiment-analysis,neu,0.26906660199165344,0.5948181748390198,0.1361151933670044
445dc247-cb37-485b-9c8d-656183deda5d,pysentimiento/robertuito-sentiment-analysis,neu,0.24569222331047058,0.696831226348877,0.05747657269239426
df83c8c8-8b8e-444b-92f4-9a06d428952f,pysentimiento/robertuito-sentiment-analysis,neu,0.22470097243785858,0.6615521907806396,0.11374682933092117
998410e4-a2f0-46be-a308-eaee8e15c658,pysentimiento/robertuito-sentiment-analysis,neu,0.050796203315258026,0.8501160740852356,0.0990876778960228
2617256b-0f0d-47f6-87af-972ae166f60d,pysentimiento/robertuito-sentiment-analysis,neg,0.01969962567090988,0.13927628099918365,0.8410241007804871
42432bb3-9e72-4a11-a785-b8834589044e,pysentimiento/robertuito-sentiment-analysis,pos,0.8287320137023926,0.15995198488235474,0.011315930634737015
208c0dd4-906f-42d6-92bb-822157d063f4,pysentimiento/robertuito-sentiment-analysis,pos,0.7803638577461243,0.20821037888526917,0.0114257438108325
1e8053e4-50e5-426f-8719-5a377fb001b7,pysentimiento/robertuito-sentiment-analysis,neu,0.06361174583435059,0.6791499853134155,0.2572382092475891
c1e35375-e5cd-4185-83f1-999622c96d5b,pysentimiento/robertuito-sentiment-analysis,neu,0.11109627038240433,0.8009786605834961,0.08792498707771301
7cff81ba-7ca1-411b-bae2-8831ecb10574,pysentimiento/robertuito-sentiment-analysis,neu,0.1056496724486351,0.8644319772720337,0.02991831675171852
7a5eb21b-350a-4a7e-8fe5-a2b50bd71536,pysentimiento/robertuito-sentiment-analysis,neg,0.004467926919460297,0.053888555616140366,0.9416435360908508
dd736325-d146-4c5d-b4b0-2761671535e2,pysentimiento/robertuito-sentiment-analysis,neu,0.2960182726383209,0.6337078809738159,0.07027381658554077
5c412136-847b-43df-a4d6-04cda79efa43,pysentimiento/robertuito-sentiment-analysis,neu,0.14868773519992828,0.7414871454238892,0.10982511937618256
5964558f-800c-4ffe-b7bc-081aa4c197e8,pysentimiento/robertuito-sentiment-analysis,neu,0.24513781070709229,0.6495832800865173,0.10527891665697098
81d1eee1-b0d5-4ebe-ab17-11eb24c040b1,pysentimiento/robertuito-sentiment-analysis,neg,0.028501925989985466,0.3096885681152344,0.6618095636367798
6c53a303-5543-470f-90f4-cc40fa6b2bc8,pysentimiento/robertuito-sentiment-analysis,pos,0.9049404859542847,0.0894274115562439,0.0056321159936487675
c466a4f5-1a18-4f7b-b3f5-7be1713582cf,pysentimiento/robertuito-sentiment-analysis,neu,0.11827963590621948,0.8532868027687073,0.02843356877565384
b57201dc-51f9-4fea-be06-58e39389d769,pysentimiento/robertuito-sentiment-analysis,neu,0.17565758526325226,0.7674654722213745,0.05687692016363144
a89f3ed6-13c3-4822-a17d-76e4db506d40,pysentimiento/robertuito-sentiment-analysis,neu,0.25872719287872314,0.7190144062042236,0.022258391603827477
524ca2b4-5fc3-469d-a4f1-5b55d82bf926,pysentimiento/robertuito-sentiment-analysis,neu,0.32220160961151123,0.6399635076522827,0.037834882736206055
89960558-5c4b-4e4b-acb3-dd3b4d527a80,pysentimiento/robertuito-sentiment-analysis,neu,0.16662012040615082,0.7915536761283875,0.04182620719075203
8c408fcc-e7ea-4f93-b188-ffdbb9ba99fa,pysentimiento/robertuito-sentiment-analysis,neu,0.2168116420507431,0.7656049132347107,0.017583439126610756
5202bc2c-bc85-4939-8ff8-0627e4b8a75d,pysentimiento/robertuito-sentiment-analysis,neu,0.40802842378616333,0.5450460314750671,0.04692554101347923
3e497c16-3466-428f-a6cd-13111c01439f,pysentimiento/robertuito-sentiment-analysis,neu,0.07523252069950104,0.6273393034934998,0.2974281311035156
69e9d3ce-d556-4402-8236-f1738456127c,pysentimiento/robertuito-sentiment-analysis,neu,0.07514477521181107,0.6899707913398743,0.23488441109657288
27773066-22b9-4f73-aa8d-b3f649cd0dd9,pysentimiento/robertuito-sentiment-analysis,neu,0.21945378184318542,0.69894939661026,0.08159683644771576
7e16a451-9779-4977-900c-f54f2f05ed9d,pysentimiento/robertuito-sentiment-analysis,neu,0.32654839754104614,0.575677752494812,0.09777385741472244
0da19d16-5098-4f4d-a068-260dd0c51d41,pysentimiento/robertuito-sentiment-analysis,neu,0.33813604712486267,0.6048945188522339,0.056969497352838516
b286b3a5-bc9c-4ed2-825e-efe674bb78c8,pysentimiento/robertuito-sentiment-analysis,neu,0.025628047063946724,0.5788847208023071,0.3954872488975525
6db7a9e7-1cc5-4b86-91f9-f57d75c9114a,pysentimiento/robertuito-sentiment-analysis,neu,0.25374865531921387,0.684964656829834,0.06128670647740364
2cf7ddd1-752d-4e42-9ae0-0511beaa1fad,pysentimiento/robertuito-sentiment-analysis,neu,0.21840517222881317,0.7209482789039612,0.060646552592515945
a8707f66-2d0d-4eed-973b-5190315a0a07,pysentimiento/robertuito-sentiment-analysis,neg,0.012559618800878525,0.22589778900146484,0.7615426182746887
a41f185d-3cb1-4b05-a79f-aee9bec776b1,pysentimiento/robertuito-sentiment-analysis,neu,0.3786167502403259,0.5772678256034851,0.04411537945270538
bfc3f16c-b0b9-4da4-9355-55f3055432d5,pysentimiento/robertuito-sentiment-analysis,neu,0.19203118979930878,0.6796371936798096,0.12833157181739807
bfeedd80-3c89-4818-9818-21fe76869558,pysentimiento/robertuito-sentiment-analysis,neg,0.016791971400380135,0.17122608423233032,0.8119819760322571
b863d2f9-bd6c-48c2-b940-5838eef66a3b,pysentimiento/robertuito-sentiment-analysis,neu,0.11988875269889832,0.5382421016693115,0.3418690860271454
9e0fd738-d5a3-4445-9a5a-8fdc66783584,pysentimiento/robertuito-sentiment-analysis,neu,0.11283645778894424,0.6087871789932251,0.2783763110637665
5f10fe19-d003-4601-954c-490c3301a922,pysentimiento/robertuito-sentiment-analysis,neu,0.07426606118679047,0.8530942797660828,0.07263968139886856
25400847-55f9-4818-b045-c0a3c05848e4,pysentimiento/robertuito-sentiment-analysis,neg,0.007713500410318375,0.1537848860025406,0.8385015726089478
611b8093-b819-46ec-a1fb-a96aa57dad4b,pysentimiento/robertuito-sentiment-analysis,neg,0.11976970732212067,0.35608968138694763,0.5241405963897705
bcd9066f-4e52-4cb3-9c19-4116a719a68a,pysentimiento/robertuito-sentiment-analysis,neg,0.012693913653492928,0.1924828290939331,0.7948232889175415
063c5173-d612-46a1-8985-a92b7c1216ca,pysentimiento/robertuito-sentiment-analysis,neu,0.2857622802257538,0.6103943586349487,0.1038433164358139
bd7df9a0-aabb-4344-8b79-6a7b0a8832f7,pysentimiento/robertuito-sentiment-analysis,neu,0.128186896443367,0.7105403542518616,0.16127273440361023
08555c11-7df1-4520-b9d0-0ea6398e1399,pysentimiento/robertuito-sentiment-analysis,neu,0.13413803279399872,0.7475168704986572,0.11834514141082764
6bd05106-309d-4556-a252-1e584afa6794,pysentimiento/robertuito-sentiment-analysis,neg,0.008919971063733101,0.23275697231292725,0.7583230137825012
e038c058-4b8a-4b9d-95c0-01e2e62f51d9,pysentimiento/robertuito-sentiment-analysis,neu,0.03484395518898964,0.5654611587524414,0.39969491958618164
31c949d4-c2be-4f91-9043-38e659295dd0,pysentimiento/robertuito-sentiment-analysis,neg,0.0066924141719937325,0.14138878881931305,0.8519188165664673
1c767043-88f2-4c25-a6f3-50ac8d9c6aa7,pysentimiento/robertuito-sentiment-analysis,pos,0.450155109167099,0.4346393644809723,0.11520557105541229
9973f8b8-9f25-49ee-8fa5-e784652378b8,pysentimiento/robertuito-sentiment-analysis,neu,0.4201410412788391,0.5328625440597534,0.04699636995792389
a3fce120-1ae1-4c68-afe0-012ceced2e4e,pysentimiento/robertuito-sentiment-analysis,neu,0.05708842724561691,0.7718096375465393,0.17110195755958557
09be9931-f966-434f-a139-38a004eb34f3,pysentimiento/robertuito-sentiment-analysis,neg,0.09237577021121979,0.37251657247543335,0.5351076722145081
2d4abdb2-151a-4044-bebc-6c725d8b4cbc,pysentimiento/robertuito-sentiment-analysis,neg,0.029067516326904297,0.46369871497154236,0.507233738899231
5dd6ea2e-7011-4262-8b0f-5ccb85e5214c,pysentimiento/robertuito-sentiment-analysis,neu,0.027138978242874146,0.5349422693252563,0.4379187524318695
44a35a50-3c21-449f-801f-c49710e94337,pysentimiento/robertuito-sentiment-analysis,neu,0.0709618479013443,0.6487405300140381,0.2802976667881012
64dd9766-32f4-42bc-a97b-79318dc8bc01,pysentimiento/robertuito-sentiment-analysis,neu,0.034247998148202896,0.5800703763961792,0.3856815993785858
cd5d8f67-9e00-4aa6-a6cf-894ddf45a245,pysentimiento/robertuito-sentiment-analysis,neu,0.10067413002252579,0.6572132110595703,0.2421126663684845
553063cd-3f4a-485c-b712-cd7ba173ff08,pysentimiento/robertuito-sentiment-analysis,neg,0.0032880865037441254,0.044846005737781525,0.9518659710884094
d8907ace-2eec-4270-bd66-00ea840837e9,pysentimiento/robertuito-sentiment-analysis,neu,0.21069790422916412,0.7556970715522766,0.03360500559210777
6e6d7867-a0b2-452c-b7bb-d34b6191c462,pysentimiento/robertuito-sentiment-analysis,neg,0.022257858887314796,0.2258746325969696,0.7518674731254578
24ff4015-de06-422e-8aaf-dbd6a79fb727,pysentimiento/robertuito-sentiment-analysis,pos,0.7715349793434143,0.21909178793430328,0.009373300708830357
77a0735b-9a0c-432d-9214-be12e7ef5897,pysentimiento/robertuito-sentiment-analysis,pos,0.7504304051399231,0.23221196234226227,0.01735767535865307
e698ef3c-bd71-4346-b2ff-60609b112476,pysentimiento/robertuito-sentiment-analysis,neu,0.4121185839176178,0.5264378786087036,0.061443522572517395
2666d865-6076-4032-b886-85370c702b95,pysentimiento/robertuito-sentiment-analysis,pos,0.5337795615196228,0.41775941848754883,0.04846104979515076
b253b537-aa9c-4467-b344-fcc64bd75d9c,pysentimiento/robertuito-sentiment-analysis,neu,0.30231887102127075,0.6498095989227295,0.04787152260541916
fa0115f0-3844-41c7-81ef-2dd6fe9c13c5,pysentimiento/robertuito-sentiment-analysis,neu,0.044333379715681076,0.7326499819755554,0.223016619682312
0c913630-4079-4e6e-9e5e-abec8dd2f71b,pysentimiento/robertuito-sentiment-analysis,neu,0.19308677315711975,0.7618310451507568,0.0450822114944458
0f2f97f4-2449-4987-8dbe-4bc8a819ddf3,pysentimiento/robertuito-sentiment-analysis,neg,0.010077531449496746,0.1920694261789322,0.7978529930114746
d5022efc-f4fc-401f-be8b-8f3da06318bc,pysentimiento/robertuito-sentiment-analysis,pos,0.7265129685401917,0.26197782158851624,0.011509178206324577
79c00447-ef7c-49b3-8b75-30994c2ced40,pysentimiento/robertuito-sentiment-analysis,pos,0.7641899585723877,0.2144312858581543,0.021378787234425545
1ade6178-5eff-4754-81cb-8016210fe967,pysentimiento/robertuito-sentiment-analysis,neg,0.045842576771974564,0.31529080867767334,0.6388666033744812
c743f732-fadd-4c01-9365-a5b3e575a3d0,pysentimiento/robertuito-sentiment-analysis,neu,0.1103285476565361,0.7539172172546387,0.1357542723417282
28557f84-4464-40fb-b66e-e653ca1b4d55,pysentimiento/robertuito-sentiment-analysis,neu,0.06670407205820084,0.8049370646476746,0.1283588409423828
f296496c-c6ba-4522-8bce-4eb70ebd43c1,pysentimiento/robertuito-sentiment-analysis,neu,0.41530075669288635,0.4996265470981598,0.08507266640663147
b5843a5b-46c5-48d7-b50e-b1b02b4b9f33,pysentimiento/robertuito-sentiment-analysis,neu,0.22712714970111847,0.7304514050483704,0.042421456426382065
1339e56c-e87e-4628-972a-1e2bcd74cfc3,pysentimiento/robertuito-sentiment-analysis,neg,0.008414431475102901,0.17874941229820251,0.812836229801178
dc2fe9e9-0f50-493e-a280-c0b155b2d352,pysentimiento/robertuito-sentiment-analysis,neu,0.14106671512126923,0.7944294214248657,0.06450392305850983
693d18e7-bd30-4ffa-aa9a-35140994930b,pysentimiento/robertuito-sentiment-analysis,neu,0.02950555644929409,0.5104697942733765,0.4600246846675873
81cc792e-0bd8-4585-bfec-aa28a5a87112,pysentimiento/robertuito-sentiment-analysis,neu,0.05659627914428711,0.5550916790962219,0.38831210136413574
b34e6285-2bce-4a01-8629-3233b56c802d,pysentimiento/robertuito-sentiment-analysis,neu,0.4697306752204895,0.479286253452301,0.05098309367895126
8856235b-dfb1-47cf-81ae-364937674bac,pysentimiento/robertuito-sentiment-analysis,neu,0.247085303068161,0.7064818739891052,0.046432819217443466
ece926b9-efcf-4690-8195-efbb56ca6ec4,pysentimiento/robertuito-sentiment-analysis,neu,0.055142592638731,0.5720927119255066,0.3727647066116333
75229396-2a8c-48dc-b1db-776267b01760,pysentimiento/robertuito-sentiment-analysis,neu,0.055142592638731,0.5720927119255066,0.3727647066116333
863391e5-35a7-4755-bb4c-cd6449d447d9,pysentimiento/robertuito-sentiment-analysis,neg,0.03839663416147232,0.3740607798099518,0.5875425338745117
a413b431-a451-481a-8506-a36aa2ebaaf9,pysentimiento/robertuito-sentiment-analysis,neu,0.062049418687820435,0.7283022403717041,0.20964837074279785
359ef132-45a5-4489-80a1-d54d39ebc096,pysentimiento/robertuito-sentiment-analysis,neu,0.06220841780304909,0.5690128803253174,0.36877867579460144
7c6a6377-fbfe-4435-a13c-97e9143148c4,pysentimiento/robertuito-sentiment-analysis,neu,0.2101874053478241,0.48912864923477173,0.30068400502204895
9f535c0f-4833-468f-bb43-8cd71da919cd,pysentimiento/robertuito-sentiment-analysis,neu,0.07237659394741058,0.5512243509292603,0.37639907002449036
cda6d2f1-87b0-417c-af52-50b896ed11ce,pysentimiento/robertuito-sentiment-analysis,neg,0.015261704102158546,0.24665725231170654,0.7380809783935547
dca8b2a7-091c-4c90-a365-85cc4469ac32,pysentimiento/robertuito-sentiment-analysis,neg,0.021702712401747704,0.2694849371910095,0.7088122963905334
a6b6be0d-21b0-4d25-b369-81f9bd3a21f3,pysentimiento/robertuito-sentiment-analysis,neu,0.04830584302544594,0.6144286394119263,0.3372655212879181
e018f304-b553-4129-81db-4fc22aa3752d,pysentimiento/robertuito-sentiment-analysis,neg,0.03578981012105942,0.36946597695350647,0.5947442054748535
c64cd9c4-4d3b-4b9e-87d0-2537e9664914,pysentimiento/robertuito-sentiment-analysis,neu,0.053426459431648254,0.6271236538887024,0.3194498121738434
9da169bd-8493-4458-bf2a-91b9a5af5717,pysentimiento/robertuito-sentiment-analysis,neg,0.031708959490060806,0.46577033400535583,0.5025206804275513
ff22168c-e574-4e73-abcb-c549174b3eae,pysentimiento/robertuito-sentiment-analysis,neu,0.03706572949886322,0.48164209723472595,0.4812922179698944
763bae05-1cb4-49e8-b514-c91e825c1eb7,pysentimiento/robertuito-sentiment-analysis,neu,0.09929922968149185,0.6482665538787842,0.25243422389030457
84b4372d-b437-4d66-8aea-384901534154,pysentimiento/robertuito-sentiment-analysis,neu,0.0552690215408802,0.6509754657745361,0.29375553131103516
4a6b69e6-46c7-4448-9139-c11cbd68d710,pysentimiento/robertuito-sentiment-analysis,neu,0.15114660561084747,0.7673299908638,0.08152340352535248
aceca0ae-9267-4046-8ae8-21c21a701fde,pysentimiento/robertuito-sentiment-analysis,neu,0.05659627914428711,0.5550916790962219,0.38831210136413574
1c478a88-1040-4680-83d4-33392a3aa1bb,pysentimiento/robertuito-sentiment-analysis,neu,0.053636983036994934,0.5528544187545776,0.393508642911911
cdfccdc9-10ee-4385-b9fe-98f352ee3715,pysentimiento/robertuito-sentiment-analysis,neu,0.08521378040313721,0.5662486553192139,0.3485375642776489
3e77b653-2073-4208-a8db-c46bf387d87e,pysentimiento/robertuito-sentiment-analysis,neu,0.3234703838825226,0.5459529757499695,0.13057658076286316
1f2f85b1-e6bf-4cd4-974d-e09c5d92f7df,pysentimiento/robertuito-sentiment-analysis,neu,0.17622964084148407,0.6822965145111084,0.1414739191532135
9ea4efc3-7b0f-486f-9165-d49a50bf0be9,pysentimiento/robertuito-sentiment-analysis,neu,0.14425386488437653,0.5114356279373169,0.34431055188179016
